user,reward
0:d2e910a9deb506b4c45dd0db466f60a4b3c7984bd2ec27ed27433c1d056cc6ac,13636.877900000
0:ef5cf0caa4165bf6b37d75f8d73b83c85ba9d536bbea11147cf3d3f982b35e38,5421.961740000
0:d38e9ee2bbd975bb7c8f1e68c5ea3c2fb514e34073d2efbc0d296a2b439a3cc2,2331.119985000
0:b2475c0716d754fba88eb28e12b45e6f636729f96270aebb859730af86182cf4,1848.122507000
0:653d1db4e667512bf00cf50da5783d4bf38ba64726e6e8b4d9db3c1411dc0418,1299.875926000
0:3d2d21d18022b2c25709a7a643e9ab4b0a392798ba079213849407e9dc819389,885.759083600
0:eb50a2d0be791be2220bf03acd256e97338e78cd386f368b4328b557d50379f7,771.822770800
0:8a79ce616b3b9e330ab3bbe560ac22527b5fc6f210750b2f257a1b71a729ead0,914.099893300
0:a06d8d38ab343d2ecf41441ade6b9f40a22ac80562f4c0eec33c21298fcd12c7,644.422273000
0:9c3f659078e738a11ac27446bf81858b8118b26255c69c814772edb95fb940c9,761.976057900
0:58675da1bb90edac05b2e63194929be2accf704c5e78209c3b41748dd7b8318d,800.594762300
0:be1c10c69bb3d755a24dfcc04f54133560f765f6913c89d10640de20a62777bb,718.654911000
0:9de6407a9a99458c80b1153bbc2c1abfa54785a9cc552bf21b075b4d47c660ea,602.593834000
0:c3d31962559221b20c8ef73ffa4917f67638b3f168ed1c9099850269bbea2916,550.280490000
0:67db7c058c0878cfa76f53db97e826c205efc11ad21039812e2a08364a9a9554,460.548782100
0:9e50a01a3da0a557b2ab5f9fb20fe7e880d06e735af19f3e806574b13278ffe7,585.134335100
0:da1ab7899599162979d5b6e456207ac0c5e84673a1afdf89b6752c7d36f5c0df,516.429761300
0:98984f0e3cc529def49b4da8245249f81896dfc1d9f90188bf230836b74920e6,507.534007900
0:764e825c996e3eea3b7f7162741331de0d7375afa64440d437f8cba120dea429,447.338028100
0:ec1f4f9541dfeeeaf12834215f6dbbec4d5265f31151b3b21767ae3231f91a74,437.646086100
0:a39e9fd8d57064f56725b8ff13878ae65b827ff340da8e4839494e3532d10fbf,378.092397400
0:6bdd1186be705ac83f5567e1f22294ed9795cdfc0f13fce14c53d91f7df29fc3,386.326499300
0:e77196ca3492ef8ff5d3532de07587a25cb49762b68d1ef2772fc32e16e482ee,416.872970700
0:1906afd17f69b4d96291c3f1a731fd9a252f1f1d4fb4cabdb89120fd6e10de9f,329.504240600
0:9ae64d7d46881a1e363e2b3f192ebaa2c1d1b03720d160e5fdfeb6466db3bafe,351.615635200
0:17bbc658691fa453fe13e013fc3d04b83dee34e75e9b5d89e9b7000153267cee,292.303324900
0:6f9cb96ecd6d5ca9f6be4ba3a20cd88eabae0aedb4a5dbfd4b3af3f78594b90e,326.405461600
0:5c684f9e9c84e8c30ebb36dd3e2df8e4ff184fb417627fe78c3fc2343841513f,287.359576600
0:f283fc22a35dff1156b16c2800fd19f564a13111ee7dfff8d7a21744cff93dcb,221.255061300
0:fdb71cb49be80cd69cb8ef456c95d611f7292dcb78388744d99f4976607befee,199.955929300
0:8fa922f9198f6f710945a77deb6e8b43204ea814d12498e52db8876c6fa8c8de,199.222006000
0:57c251e81484a64874aa151107da7f9e92bcd0d8a2b4b94d925564db58b14ab7,238.923003100
0:3332fc786b808505c680dec446a6c17cf36e52c9e60cd251ff4302cfcd720038,206.087246500
0:e48daecc5bede9257f406622158ce0c3fc51f53d69017d387196fb1d05242303,201.208837900
0:602851d9b8a150f7c706e75269be4bfdd784cf90a344621ed48422832d8c43b5,207.059244100
0:a025f8c60298568b6c3e662af90fb1bbdc6c9069d4bb81198369d151018d25b7,156.587106900
0:fe763aeba33408c82e9e472b2356b49288730ac8b9d814dbdf29883b2b2ba38a,152.654108200
0:d76ad080252d1405497e06089b9dd2656e60ab9b83dbd743b36e7154a829568b,197.112424900
0:311fe8e7bfeb6a2622aaba02c21569ac1e6f01c81c33f2623e5d8f1a5ba232d7,175.733676500
0:633dfcc4093a62c64903651e35aaa48d21524d1bc193393518c396f12e1654de,204.473884700
0:deb918bd1621288605c0f8af4acb594dd0181e6680d65148a05fac9489b052be,200.780056100
0:de364b2ebc86bd2d7cd2d7ac5b17d5c55e2335400e54b2984b66aad5c87188bc,200.144654900
0:c2c8764e308b9faf3efe96739605b6dbfc1b092bfe0ede87edc551c86ba4ec90,151.618176600
0:cdf498d1d67acba43493343390929806a7a2b89e5c48504621bd3ad11607be3a,172.297421600
0:fdbc0c8ac30050ac2d3166ce714e3ca3a4641fe251a33751c037d88bbd514d49,187.711691100
0:0315ab1d1e134a41e1351324c5860cf5658a23efb1b095dc76ef232ef48c2754,185.251104400
0:523546d7cac6c6753a39b974bca4e48ab6e438766da2b98a3d59920a9df34f6b,181.028522600
0:df2808cda59284706e3ba7b10b03d579262a8338423fcaa9ed4addc24bed99e4,179.834211500
0:4b64c24956245b7843280fb7202e26a602b06851af42936c0633d6d48cd26d18,166.760035300
0:7ca709314bef909229006886f92fae155d240b084fd426894ece64a08c14fb4c,146.096963800
0:5a35a48e5a28ad24ddcc48a4dff5f8f5f82c7c38eabb3789c9ef1a5c1dd7e4c9,119.728712300
0:4b787fe6a7bf0fb7e99ebd87f11634b661e425d8c8e535113d8164954439d1a9,163.650718000
0:f5a8084aceaeff053956ed451db0b0581b650cf59eaf26cdcb17caa0f448a16b,160.109655100
0:ade71b861a97279bff9d704cc08bf0c61057403f84e8776241d15d432fcfdd2c,139.257158500
0:4873e499c888e65fdb101466b8a348064fd573892255ba4a59f22564ad10005d,121.389940000
0:a38b6c30e2cb26c94088a2b2aca092fbb0de9801f888d1a3dda9bd3992cd452a,108.017322100
0:d6d84a7f26d667d3bddb690f4d6e70c67b186f3630648ad4089e4ae3b418c6e0,128.614076800
0:029090a1a325e58342adc50ffee9c3519ba671c0b3978bdaaa939700d7567f54,118.218808800
0:e1d392c2c8cc6fcae7c9c073043eeba6b7d44d8da4a3e101ef310b24fa8d7371,113.212607400
0:e366b613eb50f26a8dbf1c3a3c7873a839a7711cc1ae97234243ecdd89c1198c,88.544431440
0:5903bbc024795190f272cd5975c62dcbf470d594c39d747d0a92080839720282,96.820696690
0:85b4d86e8d98e78f849174eb60a066fb5148a0d8efe2ca38477e2d1767b46624,91.399364820
0:76f55041d3e56f9c633169129feb00c1158f65eaf609613977e40d25bfc54c96,107.561358600
0:a921453472366b7feeec15323a96b5dcf17197c88dc0d4578dfa52900b8a33cb,84.179934820
0:6311c6e1dfebc0dfc564caa64e817c6ca9cc1e5c665a7f595671106899c8eb8c,94.821267660
0:eb9177da8e9cbbc40f8ec5e97d8c21c62463abefc5c2485dffdfa3eecd00e716,73.560949710
0:4049be6712119bffa04fedcf9ee5cfcf213e434f7f3722dffbd1fb958102f59c,91.299560160
0:796785a952fbafb61083af2aad9e1287c7c32b293e7b3f98f7f1028065bc604a,92.534816870
0:ebf7c36bad89aa94a0b0a8b66cf36b051ecca65b4b72fb7ccb2a757f2e97385e,88.300158720
0:67c40af5fbf875ac0ed00d45bca708855d53e4cd2999e3688b25c109cc668d71,63.227195640
0:6dde074ca1666b4ad7adfc1079ae20f76c6cfbb215cc6fa2dbf6240dbf567b90,79.915785590
0:a0e0bd777db64de510301bdd3b701c79a05fc88f298e792739322ce4addcfa55,62.770888980
0:1f4cd0f049f89dbca05c3fa10854d7d6971e6b54a68dbb2eb1126ce185ec3305,71.842781140
0:4e5c19ae86387d21fa5184ba6afadb7ff13701b7061ad3ba88e153fef8dd1c11,56.369025780
0:7c1c880c029e1a30104e024beed82e6c066c9bc6f4b137db34338845662a8724,50.040799870
0:2424abf0eb25c981672e0413db82f4d6843bfcf180b0272c0f2016da3c304528,67.774940690
0:893d27bb9717bfdff7c5b31ca3c7e9338f6d23d05b3adac14b726bb4281f5e59,58.166658240
0:54aef4c23bc7316173e5e034dbbf45bdcd6eb4a75de434e65eebf952ea44c61e,56.555674120
0:f6d38f0e972bdfb36467d757872d6c06d8900a70922ad299f0c881b81a4e19ea,55.297864760
0:e4c6315e348607b2a2aac7dd9503561b5c9ee348577da8dfd0e4ff4b7357897e,54.080759070
0:9fbff0b6cc94caa68ede30df127e183faa9afa4a65c7c224f2de74c871fc3053,52.145225660
0:aec850a35664b4c9ba3ac936ad19214cdc1350b86301f5f5d9e0159e282b7c7d,50.977042410
0:fdce84beac2759d61ac11a7bfd637818b7eb3eaf6abf331ee5a33968e61c23a6,50.427247230
0:9b6765ac14d17564cb8958d8a268d6ac24326470679d9456749f658ea532a9cf,49.957121500
0:46dd397aaf790ebe06f802112734451263de9ac53c25f03b6d6168c8c1eb1993,39.363296190
0:55b25e769ca5a5953de9684e6fa2556544a62399f403b32b8c81cfd35980e290,43.488863510
0:4766806fa53dceea4e1517ee76110973be6229f6ea22f7862fe50675fbdcc5bf,35.056945540
0:0e86eaa9b74a837c0fb85021acb6c28c92d1f636dba1a6c4c1a29b002af51dd1,33.619822430
0:a80bc3541b81aa1016a23dcd1d9ea4683378e7a006be6278efa1ad147ec54a1b,45.880090840
0:88b0b9b767e5d824e139243df09386886a0f116fda95a58145176586ffb84e17,45.726492070
0:3a8fd0dbd42048de97911df23a8e4703d4118757b5b6d033f745521d8f452268,45.344839090
0:149ce19e138ddb8f08f4658b7e6f0eb63e8c0c781f9f390f5d786bf5fdffb879,44.929947300
0:b8b45a10614f0a6ecc797db6ae33631302a9865c91511107ed09d94b1a2ab8db,44.706291330
0:f665959ae9566a5fa533c06a36d09f58339ddd126091767e51717a0b1e743173,36.675565790
0:384d5e1e99eb45ab373f37d58ad6b6d17a3b9e98b81d1306d33565f3b46faa2a,42.065683890
0:f28487981f038b8cbb2cdd0a36cfc8f0ffb6c1d3023ac299bcd38d851b64f930,41.973343520
0:6d269827b1f26003cc93cb81e97abdc05cfb39be79587d3a52c3d1b874f15f39,40.225449320
0:9adfb81ccdc5cba74d1b90fdde035b71693c17e93cb31ada304ae1e2170a1b9a,35.223229540
0:638cbb4b5861bb3d9af4a6beac09e826df4f04f02fc217f776ce6bbaa1937a74,38.614482920
0:7cb506c0c74861e61a2149e957b59ad291dd7cc9bf8022a4e15b83c384ce58f0,38.052362630
0:0d5175db85735b20e33fbbd95b5d1fa31efa063c42a7910842ae1d3c16e0d9b0,37.765070190
0:a89646e2f4ec1cd1b2cad958a59bedf347fdd62e3ece74d60178d7479ac84e36,34.255723490
0:86607c141defc202c32db480d78e25804e32066643375c65c0f5553bb7106693,35.729014510
0:a7b5c4952a1ad3f05848ea30c5f965c5c145bda3879c51090c13a51b2644eb4b,33.786287690
0:d0ee75e8ac94d735a9bb553b68b7ccb141237646bf9529098663443724f54f19,26.760624290
0:01a27351113c41aeda335cc053a9bcba234891d1912fcd0944144f64582a758b,27.346712890
0:57e337b3b2465a2e5a07d06f9f487297684200dfb1eb0e5461004834a8598a01,32.523317360
0:0ab4b5311b2bfadf881b2937d1aefd883df96a89f6404795c6ba3d844c9a3980,21.913623570
0:65af0813b62f1add1e51d20e73ddad24a0a91df77c32c776778bb04702a63ebd,28.536778530
0:cbd090198d22e4b1a77227ba2bff58a05a32049ef2908aebfb461cacd6a474c8,27.761418780
0:9e703036922bc3eea1b1e0d6686740e23e4990d7a4ccbcdcc3d4cd716d114a3a,21.266780000
0:f89b00c887864a286b6e699e198c737a40b044f48ad627e8cfb0cf8aaa8001bb,24.736575750
0:f1d890e000b0ebe25657938e393055be2734ecae09a63d0fb1ef241efac0c2e4,23.410315780
0:963fb292d374584ffbc22bcd4ced88e2c1d6449df143739a77d0d26a7d610472,20.753789200
0:4d0543f91ff20a28d5968c23882ed9303f248391b5d72dfe5e5198d8cd363b22,23.655830610
0:64be7737bfb7a5d2dcea0332160375fb195634f5f35039022dd34da84001235c,23.404446060
0:8c0728cd29321d3e00552032af88365899d3e900169d0a87ff8180b15d4ccdac,22.585096370
0:0e7ebac7bdfcec9edb511113774c75e8c4949d2c5ab2b903837bd2ff04128d68,22.090872000
0:0d97db4b4723414b456b2ba2fb4fa29385f11b8bb037a40b4e5eb779ddca18c7,15.872508480
0:6077d4cdc66a4384aace3ad0c529eb6823d81113f556a12e609cebbdf686b4d8,20.859276180
0:e9fd9b03ae67de6c071510bce975bc5a0b6c5451546e6b941723df5787f95877,20.664327370
0:9c9b2c55bd8297fbda15c5c2e92ee3d5362469205067920b5edec05d171d34b8,18.457172620
0:27bc8255f501179e2117a88c331eee5ec8b40b417ca72a91ee1b37b82b5bae4c,20.285903210
0:1a827fe0e89d1a0620ba04c98bf2da99f461222df869c4991699958389caf317,20.048367030
0:acbe836e52b4db3edf17af642d57e8ca378b827dc97bbe38d39a603183008d98,14.941263760
0:de943844e4f5ffc2045111814dbbc1aa49397722931902047c180fc8d7559c61,19.611486070
0:5982e123a769e79af958663a77e7301cd79706c1b36220d0e9ddb359b9a8028b,17.045500740
0:60eb844659f24bcd9cf4a16c0d131eec9fc0520ec28ef9052aa7471b8dd64ece,17.811471040
0:64da5f0fcbdc15c0cbeece4173d925ee461f5e315c742627d50a1c18b32471a0,17.477860780
0:757db1a8121dbe2fc4f21ba1f16b359b29291642aa2b9bd9ce714d69682733d2,17.457672470
0:d12d292795a801dd66475a15ea70f0725c49c15edb1181fa2bae0cba8cc66751,12.591580090
0:faeadba37dbca4d2a096680cd9ed972fe708cabe26e75814274fd001f870466e,16.873703130
0:86e3f3e9dea2d7a341cb371f5d059a919827cb630f3cc2e3444044e2f7ad11a5,16.330439150
0:58a24d38a490e20ab0269901a3a50694340ddc3caf229cbc52324acaab2fcba7,16.328326850
0:4bb854262a3d7754917a39dabec7855f5dae3e59c88f71f5808f77b5d07d16c2,15.514166050
0:358502e1d152265e2f4bec8d4cb16f3722bbc92822a91d6301b2bead1deeefa4,15.152926450
0:c9d96b952da85d5167eb48b66aebb9670e638acb1294627d5ebc8f0b1fa19adf,14.377259510
0:cc73c74dc384bfd0203cdf95539cf62501ed60c7b1e1dcab69273537bc57f49d,13.133210550
0:2fb52cbcb8f57fd2354c8becd306130fb72ae6e51a32fa4c312f807e1058e992,14.321611790
0:c47bc8be91e92cf848508a1739120237915feb98c254cd00e854480c6a50d37d,14.319519160
0:94786f183ec4eb35489a764262661dc2d5842133300ba198eefa0e6dd31d7aca,14.303748170
0:9933754f693e09c67b74752a9ef08189357804df753476c1a094ed2835e8fa86,14.184967060
0:7d9294b02a14ea2bbf6b6bceaa1fe73cef19d579453f76d81020e9fd18960e62,14.020759980
0:9f983002510e8c502afea326ae14a354015a507c3ca908af1f4f5530f0001315,14.121198940
0:16f1f68fcefa5abc7b5e024bca5b77e92a9b36ddbe8d9a8a6e5dd9422b14611b,13.845248930
0:e7eab3c07daeeafa2194ae343be1db240493b10556b3e0be87b4d83acf7890bc,13.823498090
0:2c22f89e9ed39dfec8cddf4a0d99dd692663e05e1fb08d516551eb4774f84f4b,13.296819520
0:ab3b313998d4dde8027c8282fe18dcc0d6a9bc9ce3f9763cc90033b301a0f104,12.909669650
0:baca0b0a71800f5c5bba3ef98fae1429393fa3c6146f9871d232908775ac173d,10.973729040
0:79773bc09c0ed653bf630e9457b3921973ab413230e255bdab85009bd3290636,12.532346050
0:3d370e6d5a88e8aa5b08e4f7cb4ab0e3060b6420fbe899df500067125392ca01,12.389982930
0:baf83517637b9a4e20fe6ba20cac164626ede0c6a67e7b2ecc11a9921d09503e,12.356959050
0:c174175053f7daecbb1c0ab7d5621426a3fbb8af51468df50c8930943d492be2,12.241726860
0:48e074ba96e80b59f6a6d377bca2b9623f6c496eace3aebdea6cfa3f13d15a6d,11.959007380
0:0e6890455ecc84ec173888ac0cb81fbb7b48e416ef8de3c802437b9ba7ec8c8f,11.945511390
0:08b374020021936f394d67b4cde921c534b3ba3aa79b37febdfa251bf2e9c355,11.718487320
0:a6810b94074dfae6af066ab458bd9224660ae467a6d73465328b76d191e074a3,11.515889140
0:9b435a6aaa0ee37296445bfb115dc89ee36a4803b24702c2424dfc718987b64b,11.483479690
0:793ac0fc8dc87eed8268302ec224c4de1840c03a1cacabf5c05b1cd567237c64,11.133369160
0:113991ab3684f0212e36e20a2f9e42574b8e8ae3980ae01ee7cef7cd90c12955,11.053660510
0:f4c3cd20643287ce091618ca0be6315444b124a47b431d29f926d80b86a611ae,9.897015633
0:8ad198802c551c3b42865735b9feaef183a844c9b310be508b54049bfbe9f46d,10.886338770
0:4c179718f27fe20b0f4fc52a13a5eb8825eebee0c89b925b435fc94b3afdda6b,10.840548190
0:6953ac06287bc6acba9c0bdde63c62db7a305ddda76f1eb44865270e0de3a599,10.670389850
0:8e2586602513e99a55fa2be08561469c7ce51a7d5a25977558e77ef2bc9387b4,10.588146600
0:79befd359727ff00e0b74c3d9687482d51b14bef9cb96bd6d5fa8c052dc5de7d,10.572039860
0:dafc57db5dd5453e52a189e03de861334137ff0942d4fe14f6e4f8ea60dfd238,10.522583350
0:795c2e938e5976654f66ecc54e5dda96c5c2edd2d2dff6648bdb26bdd086ad21,10.413968520
0:012db61bc2214c0f79115f448a6a5d27bd6a8ebf705173ebb02083a3e5be571d,10.389831650
0:bcae72d550d72475bdbd6a3dc73fa3f03b87a06321a78b3b553e396e370e3ab2,9.921695129
0:9527f7dfb02a618163b2597b0695bdf09c2837a2c2a2df1ceb553b4027817d88,9.844474445
0:32034c8c78b248be0a61da84faf9e2067c10e930e34787fde299f0fd695e392f,9.677646381
0:be56bd45bc754c9c831dee5db634906cbcb154eaf0f9a2db36c80dfedc2ffaff,9.558008422
0:5a52e78d57a49797ed6d547af981ae2c6b42b71c4698557c258687ca490e7fdd,9.455796236
0:b86978a414dd5d48f276cb23d2bfdb0c95675980c9d7ff482e8c7d880d955fed,9.356747300
0:557e5e939966d7932bdfc5eba1923e91e2d6ab7843386b1a2217f0d3eb93df7d,7.138824474
0:fa94171cb0565789224814561cc558e59315971ee9d03085de3dcb5f8b94d95e,7.184913205
0:f35f602c47bf42c3e292262023aa7e71a53e604fdf6bf42be4bf6dd9ab8e04c3,9.258826382
0:5ba62fb3cc256be708bd21c67732ecd175887988e391e62ace0a18cdc00753bf,9.012196003
0:403c7964780ca8fd0b5e85177dfc37a75d0f3a692a862ab8968e55e1a6acc6ac,8.969860726
0:5eae03b159fa1a62017d430b1b205c9f388bbefa2f46e36cd395a3d3c8390b71,8.747072317
0:a8a6a796f989582d4995b2e7f68ae1b461d89eb5b11a51acebbd754efb36f90c,8.584562762
0:90996cb5cd508e322658cb8b5cb582501ab30406e3393db3ff24a5bdf211ef26,8.573151285
0:8e7e9f4d41693b60d5e1224e47643144f2b03f7c042025a56d9d25acd1bb1840,8.693561462
0:d3e10eb6e0c483c7c5328749e2327644e84a4d7bf4229d94e278db23d083cc35,8.313098120
0:d3e62df4c11ef3fdecfd627a71af04e0a8adb21c395d8ba6ca834c636a97faa1,8.216619028
0:678e8b5249c81d94c00bbd4a65a63a8f299409907e99e39267d50cde4c78ea93,8.026906105
0:d013df48b33ff5479357b651499846eda4db2a3bac3d1926def3693403192d59,7.999387629
0:e2a07832cf2d46127522068ae7d31ca3e769c3fbc42ca8c613e6bcebb0acb4b4,7.571466853
0:a7b725168da424a0d20db3b331e7f23335bebace08866d064559b20a29e6e643,7.459565574
0:807c0fff40a6542bf40327b848319e0a3df83b8d76e275ab267e965c3aa9dde9,7.410598026
0:a0a316eb80e54dce068d00262e9e875f816f39c3de152c86079b58229bd68b03,6.304670955
0:b38061a33ca4a76ce32033ba1c2d5436b0204712a940291166439447c4a9bf58,5.311303084
0:4186cd5897cb6e246595684aaf49c4f301665a868ebd01d29af7a3bd3df6423e,6.949661058
0:d1de18f9768aba3c1d6843bc2fa92333a6cf6905a530b99c43118b2dd1577f7a,6.799488642
0:2d9936e8e9e965726e4cccd00c807f9ee481140741dca0fddc932c9ae22d79a5,6.703232124
0:c5fab802a581b9ff48b1eda664ae9265baf3f173b051c408e70dfd54818a1496,6.627674540
0:18c293fdae5123203b76d64f471cc387f4459c9459f466d80888f6da136b0f8c,6.569984637
0:92e6263c7372e8a087e939ce64c7512287c28741870772cc797bf41fcca87280,6.479542951
0:6721f4516201f50140bc41be1f94bd3be7f7faac9c8c279e8bd32633f5565861,6.422887739
0:41dc520061a68ba82de79c4748c3bfdb93bb7443203394890dad19905dbec8fd,6.374566512
0:f7eb05f6c4768dcd6cee9404830bc1594599447605b30ecda7e28d41e564bcca,6.371366747
0:63995ae091a9d43a9d12ecd99a5fa474bc02e17e1203b764b74d8c83c3659daf,6.263813763
0:e32dde6094b992360ec48c79adc036714b6bbcf91cbd792ffac2a4416262b38e,6.134428867
0:23588fcd03401a556704b8129e11023849bfc792312380827ab236cafb3e1e01,6.108908654
0:791dc8b777819a37e8f12f91a4d458e9648c4d57683b0736586ca6a60f1bc7e6,5.992705342
0:ff44d4df1cea6bb161f33b71783da1cb7fc3a169d8acf0e4e9d3b917ed334836,5.987153380
0:90c3739510d74bbacc2b2c651db39b7585955ac53d257d61f17f40a65c0af895,5.981165501
0:6a350d518faf1ca774f9f9100626893abf726caa02d33974ce223c7829eec507,5.904958169
0:6e00eda33c21a072ee74c50a7729d0aee177a2afcd7beb7688e3f325270744da,5.834601084
0:4fb3c0771c7e86071d7f0edf9379551516eb7af5b5f09a29fbb980b27784906e,5.822875507
0:34c169f99c6a8a1d2d290e5e50ed074f1faeb339a6fc4a3cdd647659335d9820,5.807881610
0:cda13bedae3f9e37a3bf8b944d29d6e00805bc0aca0362fdfcae98dc3e2e4492,5.736215972
0:84a7ae7d62ea0c393cc00f6aa6d2d2377c5b873621780df710ec3cdc8bebf5d8,5.582902408
0:68c43523f127d3a8dedcb75c69067c3813947ca97e12fda858e7ae8996bb0482,5.547179930
0:24a49c0a0718e93ee4a9247b0e82fcf11b29e655da3d471bb2705a450bdbe3a8,5.426366682
0:f28f6c545c486032abfbd5d34d4edd263b60227d694c8eb3d0dfb064fb1c61df,5.361681513
0:ec2a6cb6024564812291f39c2194cf18c6a21f1fdc0bf451bc93d6eda9a004f4,5.310348560
0:02593779e7351475f20d0591d330348ce5f66f69cc37b06c3983e6142177489b,4.597869933
0:eaa6b07f74737d124c19320a37807f7dc89149e70986529f751ff2b71c9e85c3,5.216817981
0:615a752a904a4fdca3136a0606bb992d0189a48407e93ad02ddb161d41466067,5.189779292
0:1ebaa64466ae7336f1604d49f69d4ea51d54d4a92b59f2aab3c5dcc56a31d13a,5.115111021
0:2987f5cafe0f2be88febad5a0185f725a08e906e1fab6967f3d1b6a4b7176368,4.968268085
0:2bcc8b8876fb593fcb61e058b178fd63d9d0a61e498f911e2ecec29301153c66,4.961042516
0:a65acdf024bacae1e3af454d2b6de5a1af1cbde41ae0d3c16fb66c0eb2a6c406,3.569263792
0:058029b5c83b1fda229e3e8b318baadf3781cb9e419086071ce5e411bd3e7dc1,4.228640061
0:3570438d6fdcf478b3227221bec31869e211ca4fb6eb6ecf7b57132dcffbcda2,4.751012956
0:8e4a6a7313847e7781bc661f40d9c8656b8899149f2add8f90f656c0e9ac7506,4.727113717
0:82dcf6ea98fd85ced8f06f2562e4ab9ed62cad41753877a613460062ab236862,4.692271860
0:864e75896246c4ff231242afb87647f638ea397f3664c2bd659639906330c0e8,4.611983313
0:c7c6b9ed3c2703032887ba18742ed54e254f87934c191d5d5b4b6a3f39d0b58c,4.539999950
0:6c19a22fead3bc5f148d114c4a8c83c588bfa2ba3ca2f4781bf99b062cf97713,4.523574478
0:e02cbede0a326b20ae11baeb0871997d0ebe21c0ef5167c1b708b17c4e9b3703,4.497096806
0:c91ae4e7d395f41d156e520d0b86a449a2cd8a65f0391bfc84f347f55dcfc97b,4.496550136
0:7094fc3cb69fa1b7bde8e830e2cd74bc9455d93561ce2c562182215686eb45e2,4.362578418
0:3375c4605c47b302d19f0eec62e674c8e463e7150bc6d1b534978af211c6afe4,4.343375168
0:62bd71c6a99c9d3fa06de49abe1d47fc19eeb3497af8d2c3992b9c41f128e930,4.278724303
0:a5a74e4f7df4772864493c5d63939dc77e0533adbbdde4001fd7ed0f25b8c68a,4.087463658
0:a35303035a0299ceeeef2c459d6b52fd45013974cde75dca0f3fd9b9698bc8bb,4.077406688
0:3aea307c1a243c79df6f46b6aebed29077d13c76220b092f9928ec6d28fe6a82,3.669339979
0:420049845c054c9e5f14f582d7b66d6007f5462b30470eb947f2d5f8c1237dae,4.009525562
0:c83c0d9501fcfdd41f4399d96b8e0d5a8e03f9ca01d336c41aa772a28cb5e7d0,4.004996218
0:52b7d5ba0c1ae5baaa57dd6c12ecd65f5621b9471c44431d69467fa9cbc82558,3.957933232
0:7d9febc2ca4fd81576a7d51cff27aaf99ddf189b4f595e973d62499f6ec9809d,3.885835662
0:3435e2259093975c4543cc143b23bb2a11f7e050b9c3cafcd68013087df59506,3.857886225
0:5b63d61ce6267f4afd35f54b3ef50b250ff31eee8070ae925d66f22bbfaabe7a,3.851404861
0:54052d28870eb06d0d5fd30bd9b774a36d21c98652ed250a0f935f4ca67acd0e,3.825923021
0:fe627441ecb8449d43875090c4d6186668ef6e125283f16f0ae4df87ce92e6b7,2.878792706
0:55632d42819d2f98cdc7666132510b7f03ff334a7e5d2aededc80d3f399ba5ac,3.659349014
0:3225055ac865e8b8b3e5794539c40454d7de79e9e00caeaefcb6d65fbf8c7ba4,3.636259692
0:922f58d146aeacd70550dc1638f69ec3b9d438d13f14b86ba54ba341d4c927be,2.854526364
0:e02729e9be9ad07dea46caa6f77085975049b1a7678150b0a0808e4bb86426be,3.034365977
0:f1de88d52023bb7f23741450bd6654e79e852ded24d0168e42930a53a9b774e7,3.407990099
0:06b144628186cc140d7ef61cac58a40a5e680b03034f673ca3550f3e3de876bf,3.383165783
0:ad7fc10508c21ee4ac419181c011646d2afb60b6432a95443102d00c86d6a14b,3.377410360
0:3143175af6c606d5aaac226164dd8ac75248e2f2b6e92f7030d8df1ac450efa8,3.372392332
0:c22cb20ea9c2bc3ed046acfaf6990f2d2e536a7541624a64b0e6af93c80216c7,3.249880240
0:783bb06a43b828c064b65bdea12b4f1a0541073202b382e148a579d3ce35d047,3.235340650
0:ec904c672a12bc495c8007442bf7ebe2ac2ee50fc105e48422e913ee34e9d1cf,3.171085055
0:d797328aeb23fd984e4bf7c2edf7681152b1cd6f80bb3dc9014b825978860484,3.106482441
0:055b45a64b60ef3e726c2fc38d7459fc77d1255c690a53d26fc1bc00b6355ca5,3.100790401
0:63bcd5a0d5fc7ae8d9ea8ff8ea02583205ff238d9683794ba89a3f8e654be3ef,3.085049208
0:154651aa9b58729d5319cefc92bc5615039cd37a4ed71966090f644524d44f3e,3.079475592
0:2db906aa7977612e9480b1c48b3630f4a424b16072d9d39c55751ea49ecdf61b,3.078716830
0:a62af626f1fa7803b888a863b423d5854bef7f25813cf5a619cfa158ee3c1a2c,2.978596042
0:b0a90422c15d3b3691f4d8badc145344a5e6427d60bda6e221639fc08eecda5d,2.977090283
0:4f4f10cb9a30582792fb3c1e364de5a6fbe6fe04f4167f1f12f83468c767aeb3,2.958231786
0:eab7627f651bf2fd62f3e79d0add2237222fd8d7ebea158e6a27e924cc0be9b1,2.931673529
0:7f4841b13321b5bdfe4750dd49caab9b62b1f39cf2fdd3b9f11cb35b48b99438,2.950285746
0:34dbd1e2037c9bce7db687e6c0a1420ccfe118779d5638d52b04ead2eeabb20c,2.811308327
0:68ddc22563df0e05e57751d62fea6139ee7248205265cb9082d52074f5832df7,2.796848875
0:d4559655e19e250a98b1ab52cbc145df2304b5fb676edd0f67def037a629f689,2.761065722
0:304e6b9165d1ab2eaeec6b652862785c420e87dbeb4b78c220e51219a8088058,2.750851184
0:0e6e555c9b9df5f38d1d690f7ff3b18257ed7d75c7db1d119f486b0049cba69b,2.748147997
0:e77a11b7b04e60ee6ca42c7cfb9a9dbc32f1dfcc79e311707bce2b57f4b6741f,2.731872503
0:7a4b60a8678e9cbb1cde3e5d112cfa7f52a08481f0ae3d63c1db58a3340fbd4f,2.669154958
0:f983b78a647a3d15ec428e65c43020933b7203f69dcb78abef81d25ecd1af68c,2.663227130
0:852958e0f5a08dce22b9d7c15883248007e766924418f77b533a4365b41ca2b2,2.624915463
0:15402547cd6a5feb954391e01d27106c65220ad793f317c525b267a6eeb6a252,2.622815453
0:24593fb7ee416f3e1f4972760a80f570ab95b9dc6ff11ddec4e0cebe00dc3825,2.620636812
0:eb2003394c238ffd4699067935df546bff025033ad80a9c3bdd6f59ecc9e15c3,2.594418305
0:b14ee71946aee370ab848b9068e6a238f5d78de6919a6c3e0318e6ed60a8b1f5,2.587574287
0:0b74c4e19cc594925ca82f639eeb6d9c199e01a385051f7bcd85ece7bb3d5715,1.586868112
0:9a9620c605ef0c374fb88d70ed8a7ff08c7b6ca77835ed6812e9a0645c5101fd,2.548631223
0:53e050ff7c00405eb76598bb684e2176e21b4bcc820cd4fe012a563ce21a6d1a,1.789116943
0:70c756f01f795c1f5bc3ce4e6249a65c9bf8c43c50571c98bf28975d8b496e60,2.525640191
0:b728189def486f5627311510cd2cdc3f5c57dd24845c0644d067cb1bae4843fc,2.521723515
0:038f29680dafd2090a9ebd42a25c53373439af484e02e6aa407a4c684faffdfd,2.480624279
0:3c8f481160fc56be9ab7d9687e177645a47e3b0cab2d36bcaecb89917af2cd23,2.470081701
0:3b7ed7e023a63f6376aebdd2e5cf2a6f4e666358678eb9a9a0e5144b36a47832,2.465090692
0:5c9df8977eb04df2603223515f4dff03bcbff8c0c5357a7a276d54e1291ee74d,2.409462926
0:ae47716a4f2dca6291bae5fdf24915277fea16a0b473ea4224f437619dfbc3b0,2.398068321
0:28d66b2b09e3e34b47d5928d8bcf34e6ae3747adc74cbcfdc33ccecddfd00166,2.386458450
0:2a34c174bd7f3cacf129199b6b93f4a2f1a0669a55311de59339b327e425f0a3,2.360154373
0:ad9da73565837745b187e6255dd49a8172b248c7eea509909cea4716677364c6,2.338600001
0:87b66ca193ab0c40b708fed8a43a06adc74bbd24667bda2a531ffc33baeb1341,1.539154619
0:58c4debfe5066fc827b14d7b32de252d32b34f0eed299f0f1bc6c67460e1c474,1.496608904
0:d7a9402904009dcbe7808f1241d15f3cb3656d4cc7314a049702a0c642afe7a0,2.325815154
0:5814fa952cd9505286bb7f335f0d3067fbb57e05e8a3a332c2b7ca0bd3901404,2.324045553
0:9790aa287c9c89c480aaf19d077ae93fb0d266262a61e4701ab771db98d3c368,2.315950686
0:e770e5d0051c2d6985cdbe046eb09cb13a7f0c5b73405b43b9f106fb5f833e52,2.289216148
0:804e32344437ed22e66d81aa061d0c8f0d9c426b5c1aaf07fcd245b420a5aac4,2.286969285
0:29a0dd719208a6ed0035e9ad18875486d2d58652715aa5cdf409ee23e6e9d769,2.277340057
0:982c1f1c9451f854590633c5cf79b6184ad2b4905f8b6b450e8e00f1006cd990,2.250044340
0:de64f4ab6e6b88c0e8b2c8dfde2baa1066f851033722781a7e16d2dec25a589e,2.138391462
0:babf2256eb2d170df0287e880e50980a89b0a575b2c107217d479b9418954031,1.748730832
0:6ac1b65bb93aa8eb39e6e1dc050cc25f035aa8added6d68181819b4a815341a5,2.075062444
0:f9a7cfff210e73caba0ae296428494fa09409ff9d75e7945a8e1a911bce219f7,2.060701936
0:8716a24663489fdd9cc7ee93b1a54e8fd14e9cdac77b6a55d4dcddea308fa6c8,2.040841256
0:9900f129955634e9c896e1d32fe53e4e10675c12f1f5ed826bed7f236f34f7da,2.036421510
0:7fbee137b66379c3e8a2c3630e82ba1b04494e79f597d9017b002528960b248a,2.015792216
0:828c81d02f27dfdc40bc86a413c9c49adf6343f03df96f51f3c407a5e590a778,1.714139308
0:d5c82ce82b8c9b4940def9e3491371d7585b91a69d22b28f506df988f402d61c,1.994987649
0:0e2d477d036295af56ed055734b12ffaa4ff421eae384e48470b6247d846c247,1.921991645
0:9ffafe0c47eb4390078d21561afb2b1be03d399168e113e2a2bf084b62dd3a32,1.907975365
0:5b54e0aef2f9cfc2ebf2c792a91120085041596a922abc02ea73dac487d21f7f,1.886256689
0:c61a4c9fabc37270d106528ab99976a6140226911acfd42c3588898ec7698c2b,1.866201155
0:a30cbdd44150fe08d9c135bdc35b9780b3153d0fda268aa3d5e7e0e7d6324c57,1.859347825
0:b3509dfd45a3a0cde225a82e9e39bf2bdc662bb673f9a80f3a9aeddabc87ed67,1.824521542
0:2c0b0bd82d7af80ae61dda37e756d90c01fa5f6b5561a2e70fd09d6cbb6e5926,1.811346233
0:717f5b106b3c3cb842b0f92a0febb65e82a8eb9917c1a9d207def171c07c345a,1.782475475
0:f5a92dc0f139dc284d6e08b7057a684e0ba6e57d63af858d4671b63d9c5101a8,1.781080684
0:1630321ab8241f759339517b0ea4fd8f05dca5277cc4459f7ab542cbd42e2a35,1.744605475
0:e5623ad7084d054fb326afaa1eb41288b4ef1f6891d6f4053e09b87e501f03da,1.731982630
0:da00e764eb492be8156d9e803fc1823dd83f750339b5ae5c0ea48884eec9b305,1.708516120
0:af509f614971b2ae6ca695dd3833e7162c440b22277e8231710a60a1fe14b7c9,1.688614059
0:0c39b9d29c6e4c38b9aeb6d2d962793b9c809fd7581778a4895a0e039a4769f1,1.636624192
0:19b46d3c778c9c7fdbdc28d06b09be073df9978b780574e266fe13bc36f8a818,1.626603167
0:8d05928050697c3430f806961e3044397ec0d7b9f21ad356ada6afa29a059ae3,1.581960691
0:a1724cbd6943be6c73048cb7dfe3fd414d6abe7630f47069f3de6ab297a30083,1.580153372
0:6c6110a7eb5aea43bc27c0c2203d13f43b6e6da8e0a3de9f48d09deebdc955be,1.561363673
0:eaabe4ab4da0b44f50d0b62a21030282903b76a27c4b7955d5967c283f2bfae1,0.844446744
0:eb832149d09022701cf22d8a59877a0a120cf4e6b94f3ae33c8ce07f23ed9b59,1.521762002
0:f3c9d217e5c5fe8b3021f7d499dac9e127229200f954f1e425851b846a163702,1.520812304
0:ec5a467bd3b8768da164c886ad47819ef1c17ceca752f411d34674a41a3e8a47,1.457735818
0:448250a9cff54c3a9a8f9dfe0f62f51d71dfdec178dedeef6b0b339a2956d04a,1.447878732
0:b805035b16fb8c10bcf79fedf1c4d72f9044ee571afd7ff1513f0364c81763f9,1.413624759
0:e071cf96e416f99dab7636cec25368e01383ff2a8cc3851e3adc1b67c20773f5,1.314631409
0:94e980d0f3016ea51c08ba28267dc8186f3c1576aed2af5eb97171fda10c1caf,1.274763268
0:81cc8cfbcde8841a0a865378f018d91c9ba6be479dd5a05c7073246be923cc53,1.265746919
0:83c4797e28ee6443eaa18f3b95f7f7a4b400b029fa4a13829bfadb5e72f42f5a,1.263244593
0:e3258a31ca80f55d231c82e1433e686b534b893421cf1d0c2840b446b140542e,1.254857396
0:cd01da9e8d25c4b7158b568109644254884a82dde858bae24fc5ecef42c2f2d9,1.250946418
0:ebbeea11717c7e05715232295739fc68258e480b7f27602fc78ccbc57ca6362e,1.250711689
0:51c72bdca47b93946998a68be8a27d9a029d68c8aa3846ac84446e44040ad5b3,1.249446482
0:4b930c178075ec5752aa70a50353b69ed402f29159b99e6f9fe103447e27078a,0.500593600
0:c14492b03e136c4a1c0adf502ad2eeb60e0a6f1ab9281534cfb33be0e787f95d,1.173608331
0:f0f79b93c9dcdb9e6cc2c200627a67fb524fcc365b835a80dedf81d818b15abd,1.170714759
0:c71b08c0f14237c9d8726bbfee384bce4a461892457c1c28dc0251dfbe760058,1.170247832
0:6b5cabd53f709fcd6014d69d7100be965ecd4b050a1570ca6af4bcc3e459c896,0.932387347
0:f10b55bf49d4340cf4da07139679edde35e66b08c1a62bfb2e5955ee6d2b80ae,0.649528264
0:89a0835cc8bac100b25b481f5e24465aaf869d4fffd0e5e6dc5d3dc76e609ac6,1.162033592
0:5b643b82853243764c0d4aa978bdf7c02b11a265d79399f02a4c7282379d825c,1.401662432
0:b99f2242b66fb9b7e268e1709f146e099e336033a263b0b8f51cb6fa52266695,1.158593334
0:3036eb00ab5e3e6824d564b53c4e37f999e8d3db2cb1d878db1d20ae3a5408b6,1.158127770
0:5390486bcf83f438ebdad647a5ed630365c6365f381a717d3b0462d3c84baa90,1.146795616
0:5fd549f249fb32fe722ee819e0d5dc7b9b62a4f3ac82e000f519b12658de67c4,1.142708626
0:941c03bcc7165248d6960fcb5e2f55f7f0a28b070ccaf3ddcb212f3865255bdd,1.142295656
0:dfd085aad1791801ae9df5b42a9e5d36ede805d3691a2f0be4441070513b705e,1.128527932
0:87cf2c813a3f9696c511f432a67c5fced43c43e6386d22303a9eea8442c924bb,1.117455724
0:3d04c4d33eb00f6f5d7dba83a513a78e8625b361c1f529571648633685572ce0,1.097238528
0:285a3535f15b8525ac9015c73622f9e7248a415155262cd3997ea9c70e6a69b3,1.016316276
0:805c6cd079c7ac2ca29346bb49b47eaf5ed98fdb8a34245d8a1439b2c5aab432,1.014497809
0:d21908f85d9877cb66436baadff9e6dcfbbdafb3225672bf7676e128e517b193,1.004682746
0:5c4e35c1ab88a7e53189ed31c99c2da3280613768c31089d238d7da72f9e674a,0.985837918
0:676effd8fee0393eab5844996929972d897b967de9beb9ee7bf6b769cca63e80,0.965210008
0:fc083680952fe1f00d40d2047b1205a0749f5c5dba1f1305c38326ba9fe0b0f7,0.962600042
0:45486644fe10e03b830a1ac0d43f737502a95943fd174f8d8edfa73c05c02916,0.954630538
0:3886fab1062176f3f7e121f0984da5adecd3edabca6a0263d3bde72382c24721,0.938593378
0:6cfc8202b2190dc0942b648489ff85d941174be84c57b509360d53fa64638efe,0.931840443
0:eeeae9bdb3dcb8e7d264c874e0ecce75a0a071b9b22b24d8fcc31195e1b95550,0.924948994
0:72f0251d313e70b4bffe30132018cede5fa3697d8dcc53e3d5850b335a0e6bf2,0.893882833
0:838393eb59cc7101dafff4abf1ba331ee4ecaea5912fe3ccf48053714e9e315c,0.878270019
0:c54a25311764a560d64b70b8c334991462e56da9bd48df0074c3b0ed27f4f4fd,0.873407612
0:3c1c384645ca9a2e2ad79607ab93344d102358864663df4fea1cdda9237d368a,0.868559347
0:0cd7d6521e8ecba8876d5ea22c417cd802b0558328ac1ddacff1c33eb07ffbfe,0.868510208
0:bce1832cfbbe1d6ba878111c1db9b78c8ede67b4784d3344633caa01c36103ed,0.856753148
0:547bf630862721a185f9f22c300aa90950c901a09067c96738dc53d2880461fe,0.854562325
0:fe5e4f5d9e9d19d8f4069e06b49b4b58404b3adc3b1eeaa3274caab7b14441eb,0.848509039
0:819e5f916567710eb41cded9b31151d886d8bb9adb7e9ce427a82a736ee65540,0.848159377
0:1b3dc2cf03235a8497d4d2767a781301b67a416f31be1e22851b357a4d22d430,0.846894064
0:17912563f657cccc107cf96efa464e7ae3898c4ea3ddde1e831ce94b6988f175,0.844743029
0:bf668b14c01b9f5ed8b0238ab63f9718688ef9986155f788305df8891293e1aa,0.834425679
0:f21733040d4aa52c329d0f9f701f2fa03554761e2911e335b6cf06d36625dea1,0.825482739
0:4a3ceabc7fb2a5ebcde03f5eaab99b2839ed6090e44387690eb8e35eeba428c9,0.809374203
0:d165aa43cdc9d397f858bf88b50d65b307f3faa36bcf085343fed756477ea98e,0.808308135
0:6040c06d570867cfb0d9412a45b41882b0ff1526270e7d89f2a454d116212ccf,0.802468239
0:813170840cf3377c42214ed1f3fc3ad7ede3c051e7a673f8ee997794f3130ae3,0.798580942
0:8606280cd7a05815e9ff1381c93123721e994afdf5c6e93ca7dbc8c5f5958ca2,0.783288079
0:f1f1158fcf4f0725a5a53c4d1ac1d37583b36eb4e9ab542d3a288424f6762fdd,0.785685684
0:66fa9aade4d5cc58b3f0236db5d1606a4807fcdf8d2a489fd426b8fbe35970ca,0.770379554
0:80f2eb1bc8ddc0182ec12d10727b7a6280f0b41b3fafd881e3133b29da00e0e8,0.750678309
0:d73f82c909a9fc8d6669302cc826035bbdc7c09ffd5f1fd5179ad711e416cc5a,0.746218481
0:ef9839f1254fd782fb463d22beece2e4c1764877f652532499edaa26e24df567,0.741173653
0:6b6f2f7a233d549bf659141fd68f4caa44d53b19855d61f7a6e1e52854e78e37,0.691280558
0:25ac762d20e1ecfb9795418a4e3faec8e40d11dbe9f9b688a4f27b97d260daf1,0.683958789
0:714661aadfa8811d9d9d37949e75db708db078ad9fea5e250bde9f2db3769004,0.683842525
0:33f46d4c4f9b406d1e9d634b5dc511f4e341dd96478e82a173cf00108b430dfa,0.671541354
0:bd6340a964c5739ae050a12a57d90586f9eb296733336cc72ab9b958f40fd18a,0.664358622
0:f302f29229ee46062f12bef208bead5e600865f2f1c5959beb6c69a5f959eb35,0.651016055
0:c9cb561051a037cd614147b2573c6c039f239fba15fbc6c4673596281fe6d1ab,0.638593072
0:ae765f09052d887e75f416854398632b861681a6de235f5e052f5b2e64acd84c,0.638267186
0:56a0ffd14a2b2bea7dfc4cb564c98b89a90a5837782edff5ad471f4bb284d8c9,0.631298805
0:10ce45b7eac723af6f593087ea2f259a0abd87fe0fba79c19bfa57d98c50ee3f,0.612533832
0:4799599bd7123a2ac54a767263153bd5c683a7fed5122bf4a6bb6f421d673136,0.605334856
0:bfce02190510abf06787127f2466e6df47d86e9cd9b02c8d8a53df63886b8ab1,0.595329219
0:304053c0734b6a58be5d1becc9602119f7ee36a1ad90d83abc43fe4ccdfffc2f,0.593766741
0:4f4042f2bf1694957a226ac371ef7bc280abefb53ec514589811dce926127863,0.585476601
0:c0f23090cc01d1efdcc67948150486400a1a3d78fea23c39e04133c31387faff,0.584887090
0:0205942e608af3620e81385edebb845b894bc1792ba4a392de3219460695576d,0.573797295
0:5873740ab74bd7aa90777016f23f6c52d0216ed818d8a3803dcaea456167edad,0.553399969
0:d2c9afaa82576612827d2ddeb3bd86da7474326e5ea772040b716cd27d92bbdd,0.536723534
0:b96cc61cf7a54e3ba79efcd3190b0846a9deccfd06eb6ebad3499b25ba5167d0,0.534716467
0:6c49a94609ef58d2dafc7e210ff70071c9f6c228e05a4051c08397d84b409e66,0.530636908
0:2e7ce407edbfe32dfdae4f8f41713b30367aa81a40e018cf7e8d842be0631406,0.521192125
0:f947e6a6ca520b6fa33e3d5fc31ca63a07a1c561de12eaa82d1dae2f54488f36,0.518253986
0:2a6d65bce6477a03f7c5e0c9372011b778aef329313bc110ebbc4e5cb69ae268,0.514825272
0:56934e239a20072a28b51b9c6f87e6c5e7277b113eb83adef2973db0e9bf83bf,0.512183729
0:bc1ebecf2629915e7f24d0d5cdb6ff12c2c1191e0624ae198c8eec7fc9e669e1,0.507455233
0:dabb0f209007167cbb4a53127e0b11054c313537082c1c4e9dbc3b8437eecda7,0.497616416
0:50c0ce18909ad243f3a99f3304d9e15d6a11f7c1becc884dacc71bd48ee2962f,0.491999108
0:cb8a5f1ff39ed24dae1fd272ccd0264377653403344a2ebdd5ee30c32e152b10,0.491339814
0:6d5cace7549e0285192ee063bb43bf2b7a7c126afccf9862ff069a23d896d6e1,0.489846242
0:a4d0c20060d6a8dc005776941cc200fc2d89fd5ae12688e99fc8f17ef94c5d70,0.488838219
0:d0e51323c7025547cf5b3bfe19a451f35c41d1e86f92c79b910204c914582002,0.483474302
0:db3a3b62ed5ae6d05c6dd2df9803f8140b35f94949756689d0b62965e275b94a,0.481556943
0:e8b75768f4061d9a468f4a8194dfb1bbe00c455acc3e86ab50f7442d2b801a52,0.473491498
0:d33ce89047db51157504a78a145f5f14701a6b94ba7e36290eda7cc5a0dda8a3,0.465553632
0:762ac1f40d4a30cc6cbe49e7f5ec4fbc248c172f936b29d5d780f29d5cb1f3c4,0.464144506
0:a16ab49de2a7cff1fa1a3126ff018d46bc51473c7812c961cdbec4a3c7e6f619,0.461850075
0:ce83d81b8330aeb396583586bef1be0a29934a8581d5627708108a87ef777c8f,0.448607688
0:824369d587793649357792aa8babddc37dd6a82acc2b0a434bccc05c110a5b7a,0.442953814
0:ccc7f663cc257e061e936bbbf4812c2d6a174a744daa90191c8e554fe57dac88,0.441044473
0:eb8c64d335a1422b5d768fe772f8748201192a1abe609116b54556bc775b4116,0.439959485
0:079fbb42e563e2bd4bfb052b0fa1a0f9d32ea47e2af6137a798ab251aef06e52,0.438059154
0:530e97ffd80b7f6c0ee4429b142ee80ab02d282733a85a4d8e1d7e110301e7a8,0.431035249
0:51f65f3c16fab77c1c44806d81bc15a55f979045e65ffbb15540642dd5a2865e,0.427287256
0:95ba20d1d4032adab59e584b0aa7b625e72dbacd22b502b4e30c02fc182b0401,0.421690344
0:cc04e8bde9b08c4e58e7d0046c019e47e899a25553df5dd4c15dea4c7a931ee2,0.416616630
0:41d4b60e9d4e968dbea0cb5d8370e31a37d2fdf1bd50d10f574a84f25dd3aefe,0.413154507
0:bff19c998bc2b434054fd42f636b149eb161842a148bf10faea40a6e0e835267,0.412679358
0:4e94962712963ddc03fc345988c70427b8b8f4760c97784efabba4c5de027690,0.408134617
0:181f9921a15dfc7038321ced107ba706782320dc018a906aff089d7461ca1aac,0.403944332
0:05dd024753576829379a0e88ba17bf1db7878520c3f1b15c5e455aefd6a8b693,0.401189195
0:67c08957ee010a923a80875697d5dff4e69cdf700adfe3f700c0f70808f42ec3,0.400612439
0:d396aea7c3460847f5cb27d78f35798c797385711261b9841a0de3e5e3b381ce,0.398031429
0:89c8c63b2d1988f89e1eee8e9d6bd5531cf4fb5d65ab8edc4a7dc9ec84ab0045,0.396891224
0:700ea1dc4b7166eed83f82e17fae00e8e343869e46b5f3ff45c3ddddf1503238,0.392023536
0:bdfa09088b6bed3f4d4fbfa3ce2778def272e52ae2f26ce10a1ed89a10789de7,0.388883607
0:8e3a67b21c5a97402b74516c6375a68f092b384ffcf298e586164dbb488644c4,0.388830029
0:1682957988e45a3d9dc796b55e9949f0e49620fcf9b77e3097d27024ede02245,0.380950963
0:a0d627b77399f237687fd5ff146ec2537412694c9b3142026e60afb8d56eb769,0.374596786
0:6e926c43f0f967425c09993e5bbe46eab70fa8708a78efe353facde02bb1d3ad,0.372362838
0:785d977eba8a35cad6d4d510219db7f45b4b5a5b67ca9debef80b217a4bb708c,0.368094554
0:d95c33d97aa610862f48b13cd7f952a5b67ce3502fffa277b2ee927cdd239f1e,0.367775024
0:b28262e603a03cf8f5e064608c6b4184c7407cd6358429edfa986d4fb2b2d079,0.366550945
0:73cbebcf161b7a58b27cc1770963cb1ee72f59d97e1e217b5cf57709da6c605d,0.364602102
0:1c8876f793bb43993f93f7db4dfe07d8777aaec0456c4edcbe8a6f007c7e7955,0.363056388
0:c73494ec8ea22ba8158c4bc90e72c41f9eae6ced43d9885535791f844ab0c3af,0.359111595
0:d7890a22e84450cb3dda5567902b47a7ba6d95508530901cc01de53496aa2f47,0.358793836
0:81fd73016868aa1cd20395979575f3ad504373b205282c338442baaa4ee3be7b,0.353325044
0:c7d4a7d7a0f51f3981465c65e5751cc73a97b9efae0b551497fbb81bb22a7cde,0.348743701
0:3795c50fa90060daef0bb56702bbaf50b38d46834e56cf563d6fc21027178834,0.342785313
0:727230f5d6ff2ac26b86ce0dfe6e61f18136c950cb84817a97ccfbb30f98f15c,0.335706479
0:c8aa15b2135d84568de2aef683d4fced4da2c0d873a3c4b1d4f175799c610ab1,0.335490626
0:533aa80236fa014760eec02c8cc582704dcf2678c87c378d0ec3679f2e048779,0.335483373
0:a5ab1a909c6a54cc6cf208fe7f2901c5057fb13380ef09223c5f9af57c7abe86,0.331910783
0:cd83f6fc9d384a45a33c3a55a77b413297064034c72e10ce49ee5fa4427c3651,0.329315048
0:dfc3ae67785fe705cd316016fe5f821e75c36ecc0f53ce0701043b571db51ef5,0.328463862
0:3aa97bae1f5295ab0520b7d5dc16eb72179278c1dffeb86354d48c2f18c78ba1,0.326480312
0:9fb0eda25c2b3ec277c6be49023ce9f31dcdfecb02494ab51faf0658cbd283e5,0.321191181
0:c1e37f6ecea3b87203b6376e42e4442343ea9749e90d21bee0e325987111b514,0.317941974
0:e218d7493ddf53c338ec1e2a22d1f0614dc33716194edd4bb10c7a36fe65f790,0.308156362
0:7c9dbb6c314104ad9868e140d7e0b64f9e40c0a01bb9e0494f0fc8c7cb3305be,0.306338194
0:5410f5a4bcc38c46b9465d2be2698a66e360104e367623f5ff0a167db633765e,0.305367403
0:f9e59a85c5f0a953a170eabd75228ea08ed74b092ed14d22c826e68a38fe4359,0.301278719
0:1a10fc7a6289e78d1cea8a33f2a33008ecd8693d057566cf93d0b5498a52e128,0.300305398
0:673ac0f6fdb9be78fcb138d95156a34b7eb365e47f2b5deb750da80dffda11fc,0.299401632
0:2adc89a676c726e536348ebf219b39c1556ebef9d4e34dd03b37a8791b82ad8e,0.287347817
0:9f960eddfc60776bc23c02672cec50c098e03dd4fd4edbda4db717358846f367,0.283636806
0:7b4a802531fbb72385f30abaa4512b1cc8b49302f2d592feb162ae978778b569,0.282632967
0:1c3f99792f7b1523be057bf8c68ea70ce161151dffab0bfb1cab1969df97fecd,0.279474499
0:7df270afcbd721a5c83a09c89523a8bd59ee974bd30d56d6897e4fc4b8d6fbd8,0.278466579
0:430341f45c34daaf3d1a087149c53912287fd1bb3b2c1dbd678279d70270ba48,0.275731003
0:2805dd78092e981038705cc96905baf2e14cf3722ad24011fc6f1e892ea46a87,0.274933329
0:bd8c916c11ef267f06638dd1df6b2f82e46b5f53bdbd205971b57d576833bec6,0.273856045
0:21bf29b45c23047a51897d77c6a219c6d910a5260707a5a8979e46dea2f72863,0.269018817
0:1deae8b2dd6bd226339a09efbe2be04ad95073df162aad45b4921604716b2168,0.266468638
0:269af9ff098e61e7e5e5737b1f13db71e20eacca0f77ee70db5fd6d10c484d65,0.266117076
0:364e9f17938e1c4c64ce2e3a0faa9c7b6024db84a271dc4afd6dd32ed36b8ad5,0.263626598
0:1e8c7dd976bb1a48073872d07c2bd551f98db629de568d9adfecdb0654f94179,0.261735993
0:541950d5e702c0640208425a794b803c9975acad3297a80d4640061005dfc16c,0.261673148
0:af78e3db7f7953875043fdafbbb8b55d4f1ba1bc8a4232c26bec52b56943aa87,0.253009840
0:ccbfbb3d04a97c050e8982e4f66ff831e25fc79b009e08ec5635a33fd2f3d3d7,0.250182206
0:36925b29e1995d5b102a4d526b74e256d348dbbc712b288b7959bb0180a985ed,0.246149350
0:535b6a39f822e12c2d6164be07e99b9ac3a26ec8b37dfe94e616b90d9296eeb1,0.240639846
0:2a0a6ca63c708a62d567e0263f629a7336b3348d231a70e28a438241b835b1d1,0.239641587
0:a266a390d5d4b02dea815012f0d008c3c3d235f333c1a0c310d4c91460152b83,0.239245678
0:97ff377f9cd93f0f371849d8030ea176badb56f1915802da03374a252a709043,0.237860890
0:a6d4f8fc89e120603e049996e7cb007d0f213477adf92e6cdeba9ef1dcd9d1b2,0.235050020
0:05c0f71453f64b0167d5c5410dea921df3c9979e26a28a2ecfe1284496ebc556,0.230041806
0:26c98867a8d0e31276f53777484f55c14a99e37cb42d952cd2547c2b6ca7385c,0.225666061
0:b22bc4b033e6a07cbe4bbfda80d6e4edd5eca25b0cabe7c6f71cc7b5d84cf72b,0.219267688
0:47832ec0f0b0c68594c548c45a90c9b012b9e476a50d4564a3b9542a2d88d1c1,0.217645370
0:43c5e9b7098471ef5644e6b1b2fa2241140a2da72884faa0b63d7cd6f8b9d351,0.211964018
0:6fa1b24d81701496d406123af99ef04571d40daef44effdb61793787d5a8c1c1,0.204385298
0:f2d7668804680966b44cebf471105ff8a1987f3c816bac35607cbd101a315c6c,0.200316718
0:ddcc757ce742e7eb47cb5ffbd842b76a5d5120537b485228142c435b9571970e,0.200037467
0:ca74dc4723192bc372c02a5a1e931b0eee8e738feeee953fca5ebfcec412ebef,0.198661289
0:90ab4fecaa5ff0b06ffbb768755425ed77a34e7b66d3b78c2a26e63d5b78b358,0.193798494
0:75bbe377f8ed14d6d3f41a3d244780022954bde7cca9086d52a41d52ee4ba92d,0.190853103
0:5c5ad94a17b4d220b9c2a097aee27258b1f46f2b063c59cf2f7704a70a50e5cc,0.190499180
0:0be695d3b63287c89b576bf50827de9a78d79bda2786974c132296432661239c,0.188106485
0:2ddd340c4ecfd874bd2823603a907caec797deb716a26e240ad8b1766f19555d,0.186310628
0:aedee6fca2111d47ac0b7e00d3da583b37e1b9c7f1057f981ee02bcaffbcba7d,0.185882395
0:cdd874a58d21ba040ccd98a60b078215284cf51db032dd1f3d74d2183c4faf91,0.184158229
0:68d3312f74daae8e4bb6eceb873a1d4acb2b57f6e67c77b49d14d7ad59a470d9,0.183349720
0:80d2939b83b40c978724584c46cc0dab0f4dc935fb58a8e6f37c295d4f2eb1d9,0.178021882
0:b3952b5acadf746ebc52eab93820050f2d0fe061b2180fa9c00dc9f3107e4198,0.177681629
0:a724ee3415cde0ad7ad677ed1eb2b0a5769007de44bbd33be6860d290406d69b,0.169086200
0:fbde75741cb6a35eb17cc0b562e40f55ce982f56778e9604430c3da3ad9cedf0,0.167654279
0:6ada2e3eb62ae4d640b5c466d5a32ae910de9cc5401544c11d1d711d5b1f1a9c,0.167497014
0:54bc150b06228a286e478fe6e37156a4dab187fde28438cce88faebe6777837a,0.166295120
0:c1d6b7068136ebe408a55787ae8dadcb663decbd48ab82d7ad52e502d103d303,0.164540060
0:33a2e0933128ec6bd16c50a378f255ad918cbd355c624ed1f33f2a9c34fac043,0.160019350
0:8e0f313702e2ccde699f6bf4e4e0297667b88f3d7e59861ae62f9832910eefab,0.155664963
0:8c4d3f0012918fce2d330e36001d23e4b85e18dbdba8138843afb20b9fc8c30e,0.155352437
0:de1e1a159f6d55586fa5d290f1f2d533f32a8bdf38ed3e94025d890110fa1d50,0.150573435
0:18b25b4fa11eae59c17f4c3613976c2847aa13e864a5d6a7c52daef08919aef2,0.149440039
0:4516380208a9027f67ca49884ff5ecc32f3ca73e60326df1f3bee24c2a50ce6d,0.148435499
0:c6ab53c41f2e2d76e83b4e1a5645234d5f95c075f693bc289418347a0f035cf7,0.147065431
0:daee3ac2b197464daea70ef0a488ae4830bb0477f7fff545569755e33d76d1b4,0.146744331
0:3c963e7f734427042c135d5e5fc8a133d6aed2aefa0a2efa373727f1618c2bbe,0.143041634
0:18c0f82f2b28cc73066939ccc597f2fc33d66b61ad39e29bff2e3ba5ec973c62,0.139983185
0:fbad789faf5162cc43007933cf42b4095889b7acbfc92565dcbcbe95e2038364,0.139791424
0:d3d129ca2bda6ba493d017f2d5dfd5ae5841030ee4c79b4dc7f96832f3448f61,0.138613398
0:a8eea5976a9b3b23c685a079b78d82791f9f983a19699e02eef29e838f78eb3f,0.137851682
0:4835f38a0e4b2d26f81b49b8f5632b91bbe0ed8ded29190d5a3950bfe95c9724,0.137410533
0:b31cfa3cfeed2596d39147e0d363ed2efa2af01e9528bfcf263dd2dedafc15a1,0.134625995
0:fcc3a6124d4271ef27ae717d78b889f928781a948dbd4c00d1b2f6bffba09a6c,0.408800352
0:4552a14b1f43d90897f3dcf23ce74f2bf70b9f4061940c3c3fcd45f11ac5d501,0.133103689
0:a5489bfa939e709bb5403804ba234f0a9452b70e77845b75575ca2a9b6f15863,0.130195320
0:9c915730a8cdd09378302b6ceaad838767dd08ed52b9f1675f7eca26f6487d38,0.128735752
0:3df7d3ee1959a69db8f9a4aab92b0d6b4df50739e53613be6ce51261865b87aa,0.126821909
0:710cbc8917ecf56e7d0c46a15bfb47f50f8712628519e4223d9069de227da510,0.124673184
0:de9b8ad7463dbae1cf064b30e44090649f4ae82868727a5cfb1264b89434135a,0.123846365
0:6948ddd7439ef9bb6c713e11a79606b2064f4941ac40b9e94cf887f7ab12288b,0.122090514
0:52a35fdf2d9a0e2ad4902fc9be5c835439213a244a65330063d728f66fe50497,0.121973785
0:28cc155ccbb9ea036e879cd47d6ecbcadd0d0c70034194c929d6752232025632,0.121466148
0:5cb0ddbb96099833e99d07821d9f4b49baabb2f1cfe931d8833a03d5ff82d743,0.120822362
0:3054faca01628cc0ccfa77150281de99cc7b6155f7aa36b56d180b188f9f8529,0.120310992
0:d5b6ee8589c45533b96684558f1e456bb1522259bc14837763dcc6645a5d2257,0.119330715
0:807329ac262bbcbc212cc9c8059d797f1a22f5a521e2502740482df2077b2251,0.118740688
0:5e1e024bb01ffa070a9023669bb77268a3fd13d31517ea9a1483a57e54df0861,0.118273437
0:0b19acb448775b4be17b8d3b7d25951ef7479233d723bfea201f5561a7ae0275,0.118044703
0:5f8801465faf760312b15d7229b9d830c8f517438cf2e8bf6d693ccb4f665be7,0.117639791
0:3f893cbabe905e7f596f28b19b60908bbaee61d9cb39b1997f6340c37402a0a0,0.115690422
0:b6196e5d8a33d5c66a383f07fab21f0d8474e6374e87e0c8507c787a8e10697a,0.113316024
0:00d63826ca61528b0a6ea9af246ab7c56fcc5b6f248860dba84996c4b6342e87,0.112877055
0:b3c62133ad1f1e2202f223a303f674a9a0c67ce08bbffd7bd2e7b44481ac33f7,0.112781421
0:1d6f62a5eb960a1f1a72af07e0d0a62cbb59e163c4a5355f50f1ce7ff727dd65,0.112727410
0:284b997bd25e383810f33e2a19fd235167ae94defb9407652331cb4a6a14cde8,0.112514674
0:49f8aa0c167ecb962e671e10a0a4c8b378024de2d863f50c3cb657428bbb0194,0.110058443
0:c48a3225a298351c58c3420f251f1e4bb0c7c5b537b166b2f12cb072f89c53e0,0.107898034
0:09417cc82e71a5e0a905f68e9ed59d9e1797cbde100df7d58d04fdedb028d7ef,0.107134124
0:c3d55808bcb0d3d86e63153bc876fb981ab107ce9179171906d9fb62b3211f81,0.104984009
0:8625c65679d00777b5b33e2e0976f12d8f0eadbc7c2ed91fdaf03ffa662d02a7,0.103243211
0:8ccc9c18bb3a9495da866607acec086ac832dcf7b396b35b77afa76a22606f3c,0.099237288
0:e084920ac613028ca5da6c7a8b0047cd8665f56468ebd4ef4562d62890c31de0,0.098894943
0:e44b34641a610659e7fbe2109d84bc85e12f6bf56f05b7a0e022fb598ebe4784,0.247125500
0:c7f875e03351409e4835bf8c7ae73ee484baf5c4a0da84a1ed732615e89770fb,0.095124889
0:fc869e32e5b4d4ffd6228eec963d6bd36e5b6304da14dd33074f49884043a820,0.089246526
0:3898d2393aca5f2d3e301fd9cabb1a15a75fe2e663c77ee354f405ed3baba018,0.085426330
0:ec795f83af6c505f8ef28a1b279506afeef86f5af860830cc1b8b9fa54923f7c,0.085206297
0:58b26cad21b1e04796f9053bf5fc2008d7de3b098c60cac76a5af8253573dc5d,0.081593099
0:76df3eec47f8dfc46d29605d48256c1be64cf6023217cc4a60894d90831ab31e,0.080708526
0:51c63f77937b99282c41377be5e120f8e44624ced47db40c099692bf5b48865d,0.079877663
0:4bbedeb86cf7d4b952717976cb9e756487dda7722fea1fb0d79916895522db5e,0.079125476
0:6a2d21e78ce1a5b2297418badcf83942b2d3b59bc5ba815eea8acc8d1daf9ec0,0.078965025
0:f8e088d8dce9890bc5a0c84db58d352161763e0f2a26505b7513ff66ea7f4927,0.078875497
0:3f72bc87e93442936d77069dcf6479ef3e90e0555800982d942dbc4cd7ec1ee1,0.077395529
0:b236aacd9fb5cd5914b29df01866b415ee0188880e999bb3f90f8494e648dda3,0.074271942
0:2606ec419d126ed9cd5d52c379097f15028c0a96ba77db69140454368038190c,0.073766076
0:53a5d3590b705a3b8253d54ddd1fc194a842426f858e73f56399e0ce3da81ca6,0.072756819
0:ff0488666affa3efe1e20008d979a317d769a3c0b3ce2c265052000b04e0e186,0.069988546
0:8e1b32e5135523e2f54adff4b7c0faa21005d9acde9123b770f78312d383b5cf,0.068954668
0:ee40ac3673d302bd763c3dccb07c88595be5833935ac9823095b060d56499f58,0.068637990
0:a9102eba9da614c5aeaba5c78876b03e3a762a1db3641424ec8928509c86664b,0.066008766
0:eef0abefba60650592ccef321bb5c3214f2a6de091afd51356ca46b3ad4b0b26,0.065439232
0:36684bf9312deab756c3a3c94a37390a34e7e48e4b7edff331e3d4d43407a984,0.064933371
0:92e8feeeffd77a1c40ef97ce1edf9c6f86ec113aa2db059f46301c1d11cce87f,0.063466980
0:f7a50e6cbb229fc936cefd32bbbe2e86a2a6cc1166df7e02d5944e6db4dcbe6c,0.061645965
0:2fcc4963f0592e8c5c1fe1f0218a01eb4593d36ea2a1cbe88236b653eb19cca4,0.060887569
0:38091db560013e445b44893d294fcd981be3100f7abd056b60f746f129accd78,0.058844168
0:a086845d76de5c1671a464738b57d9abda207a5f208389b665afdf3a9fdccbb5,0.058771999
0:0e0f1fd7617448663b4eb8e91ca41c9be3ca536a4568f2653e94190243a4821e,0.058209565
0:722eb89d0301dd54a52ae075eacacc0d671983c11bbedef0cc186b7d85dc3fab,0.057253984
0:7379ed3cf6797b3dd1360f18edec6d8cb4ce23580cf1b4fc6e0c7c5101d6001d,0.056705110
0:f532e4fe0cae74abda4db36f10934b7d4f252f079f24525f31291eac548e715b,0.056408280
0:184d47db1272ec68d1b604f0e50dfc4962c0c83229481b7e66b926a39124dc29,0.055357450
0:78592f4aa6d00ba66435b4e3781db47881f35ecc80febfc805ebdc7010681317,0.054837644
0:340c7602cdec726730eb65178168d41f2abccfa3c9fca327645fed40c389b260,0.053201935
0:55a0bee358fa56ef72fe0b93703699ff6343252189bdfc86654dd92e859c209b,0.053005167
0:683a48ea05c845a4455d85d815f322620b6871f9ec8ffe546655463f199c8d96,0.052199831
0:6e79c4cdaf5973c0c1b643d4f1e5d47108d88cc42e0dc776140f217168be5db8,0.051778365
0:b35415968a46004eba4e39007cdd1b0e05ab9b79f1cbac283b9f37e8a8d5dfa7,0.051749245
0:b0c1e9f1becd4e3a9e5cf80a8c268c187f5fbee225dc1e1fe663be31582effe3,0.051604433
0:5448d8e4b28ef3aad5035f4c1a78e3e19c616282eaab1f2f49ddedd2ff71398f,0.050952752
0:38cd9608739f285ea920c29ff0acdac322e1357ca9308aa5662561e369353bc2,0.050530032
0:be68dc8c72a7f91f189a5f25b4396e2c33cef21a4e569e87c23d88cc81e75051,0.050501277
0:271a9e2fa89036a98436cdc6ea42ac7b80c3c95a74e7e464f82145e728bbd839,0.049817793
0:6a54a7bc122e6b40c9e0f1eb761add5ddc50b33ecb2484bf0e1732f4671887f5,0.049534384
0:20b5d799358de8a12178470c386cd0e4698ac284bbbe9539a47003d1266d4504,0.048708020
0:b72b7730406d3ca377a4083196cbe7a0b01c5884eaacadc57809cd621e96f0c1,0.048448737
0:d177c7efa9429ea10b4807a400ae3cc6ce6f4c3f8cd9ecf800042bb2b1432051,0.044505452
0:70f1d866eb99556bcf059440ebf629f358f5ca18d7d5fa1167d0151df1bbc238,0.043203969
0:b43db0dad827e928dda9fbb3ffb73e84347dcc656955915a430ed7f8a7287875,0.042621514
0:9f733c9020cfec60a66e735bf2756ce555a21881bd9db7e4a95dda13a747a7b9,0.041777662
0:a5ee15f2735a272ebfe04d55ec6de5d5e089614caf9af382d09b2dc7a0fa0fd2,0.040713353
0:d22e20b52884e542e5fde74afa173d8b1ce1f13ec8cad392f3e62725c6349a43,0.039008001
0:fca5e1d8efe2125cb01e94ccf1d9cae0c8425dbc5c12fcc6682863212fe23656,0.038252561
0:6181a2d41940f365ebb464dc84b4edf280b15c3a3baadedd8bb7698df250a0cc,0.038022451
0:cf25dad35b944dc26f1dc6e9d1dc01f3f66c3d15610482424324f581b9539ec2,0.035067409
0:1b24c7f7442e303ae8e9db7cf7648e43eb64634a1951c73977d91107ce2175d0,0.033912837
0:711adacb9d6f0e6185a6576ed4503a22f371be0fa9a12efdd953987cd51dde06,0.033722898
0:217aa5288a8ccbb5b8062f1bfb746f8fe33b017c97f9de6945785be8d9c8ddcc,0.032167880
0:f0b0d6bee9eb679e262d35833320b7af5159da8266dbf04a30d0c11217ef402c,0.031491871
0:dc0a7557f89a3e2245cc9b74164710ec2127f82e1b3440dbadac331785fb1b1a,0.031270880
0:4000aadbdbad82dcda42a0e5506b4bec659ff6d44683a53c7037648c326481f4,0.031005761
0:53ff601f8b91247c40a3c2daf0f9a7da895c37f7acb6b22bc848230519dde6b5,0.030518396
0:b903c05b508d83eeef5102b7c133b3a6beee37fb76032b12a49d3e2da2c36058,0.060109616
0:c4aaaffbe37ea86c5df64d702928aae39b9c3b9c43c1d5fe829d3f4da5f4a09d,0.029970314
0:401f0c4c946628f7a6bc267274eff911d280e3a25593e91db3f07be4a5737c21,0.029700138
0:459a59e8da700cef8cec3821f59dc867657f9ebac30e79458e6d51a1b8a53471,0.027070428
0:676573de594e80b446edd18952289f5b625312649d43278a57bf53a268e97906,0.026101907
0:2eddab8c2a6b560d100ab6e04ef3f973d9bcb2e4e22d3bff6cdf4f5a4e827a20,0.025682204
0:b8ad890c8b38e73e93754531098016675ff0870356eb25abfabcc2b5e7af6b48,0.024997121
0:0b90838c9104a7e2b938e3a538f12e4314eff8926d72e09799f4aaef4fbcb9a0,0.024599861
0:d7526fdf59f138920e0c39da438074566dd6dd90ecc6f501f1da7453f9154dde,0.024007498
0:fec09ce4012b86ce89d0cb9de4a32bd8a70f601490b818b6aa46964a18ebcc93,0.023415772
0:241cee0ac3fe4b43751f58176abe6ec95e9c60556d6593a741b1e5832c171203,0.023034357
0:abc3cde69778823ad6a312f6f2a673695a01fc4ac9ffe85d4510ed6392d7989c,0.022678517
0:b787b35012cd095a0b357c236ce2685311fb57ad035fac55f616f5d220a14165,0.022038331
0:f2f688b6ec41d9809820faf63f4720d47f800d661ce8737cf1528b3df505ec01,0.021990545
0:31f0dd2670028a9706809d9feb6a6776bf1763b3b6265f100c00b76392bb45c9,0.021249820
0:4f52b174699db29b0aae60ff1b96a8d7567945abed135b8a0d4a1aed451180d5,0.019983546
0:4faa81ec2c3cb9207ab4fd4e8ca1fa1b69b14fb12f26036e8cccf5ebcb1622df,0.019257712
0:cec1fca0a45992f521b9b3000720f3bfd7bb0a52d76f93581e93c7d2e8154daf,0.018678363
0:a3f01f0c4ea8063ab5408654abe9d877803179e524e2c707ebfcc9016ab1fb2c,0.016888095
0:cd6ac2ed4f81d5447fae78469b25afcb46b8e37e5f4d05bd0c49ca9b76768128,0.016266968
0:7db4bb9fa6864ea7aa6607f5b2ecd57217127cd3b79b2820f4b576cbbd3fbc86,0.015853213
0:b9bd3de8baf00b5509bf71d7cd5f6043c28855723a2a27611dc30b7447a9e978,0.014858742
0:70f6feebdf480b1e89dff55d09967af11024b33b1e43408f068cd80f4df4f5bd,0.014520644
0:19a6ba62cee40be2b0830ecc81f12fe07d33451501cc85a668a4bdf4cdc183f4,0.014107055
0:bc2f191bc9423aeb50ebcd48a386a0961ad78046a1e168eb869cae71b67ced70,0.013936365
0:99ea964906c807e89ff8e55ba96a86e4d85d8020c8365ded9428777aef4281cd,0.013570143
0:2209497b5d3c86a1e0aadac4491bc4c6d522ae0599c56f122c945c0098025394,0.012899452
0:8ec2d54c4f55e8291bb313cf581a9d22b106963027c1328408095fe1b753e382,0.012868764
0:c36c3c3016fa2e819d2cc9441b9e32bd1d76c03487f6419c74adbcf52560b545,0.012751687
0:2fc3d465b5ca42c223e8409255878d65dbdcc2b9bd16d157c1fa637e314e4e9d,0.012630869
0:325da6eecbe400078e81854fded301f27f69ab9c0188b98dadb52fffb6b098f9,0.012435489
0:5e164d24f990473a477c8a541be5e09ce51f310117ef3cda4bbed62694c8d3bf,0.011587239
0:7cec860a4269de2948536f7dcdf8d43e43e7933b903dc83b4e5833bc6c139988,0.011512538
0:95c4b1604a950c92a8f11eb3184b40f8ccac7478d2d81d8820a7993792403948,0.010770639
0:446edaaa33dea5cfd78620b36e89f08937d8ac4a7489c21e93961d95146f12c5,0.010568935
0:47f6e92c4970288f81ff07f4a71697538b26eb6f7fb221bc8620dc95ab114941,0.010541219
0:1df378b691746a6d999054da57d3714e330dd068df888b4a4bb86ccc3307ab2a,0.010411414
0:0abe44fafa19eb6025f2010b841419de9bfcb88900506828ab0d0e559e842578,0.010306630
0:dd4f34269047a637dbe532bb8e622108ab85840843ed605f834d9ff79b2b2013,0.010294632
0:bcae0e59556674e631a56ca14b42e2a62e31719d8b8dc9dd9b510fd181439289,0.009856755
0:d60187c097fb691b93f53d41077dcba615e341184681466b1ac1d1105fa27409,0.009851420
0:cd26b47ebf79788924a057c39efd639107c3ad18b5de67bf5f3eb14812214433,0.009499957
0:5ac01a06dc8900281706134d7a3b0744449c4b72bc0e33f5cf8bed76c961ea93,0.009482132
0:d83e58ea03d5c8dda9db374f81e899fc529792d925dda0d432c5067762addb57,0.009299010
0:ae25981ae380c8780fce954f3e18c4160f466135893b60a572067e260bca1d7c,0.009132590
0:35ee0110fa297c3401a65cba259838654b2a75481fd85ff697430b53491608f5,0.008438001
0:8fee01329dad8c604717279e1fde1c4a03193ee14df993fdc2328ffd01e02891,0.008437774
0:e48344871eb87607c24b8e48e9eb6cf53a972f829a47b391b04006dcd711a210,0.008177968
0:a47d6ebc6334a72528ff6dd9bad2b45230bb45c141b6d4e6bacb5e5953a93d30,0.007842360
0:bf81113aa4e407bfb95b15ebd53ef8b2e8d41fa714ec905d188f9497bdcebe57,0.007730704
0:c9174798af7de8f45e3ec445ab4609e7c88e586ef33b85320d58c1aad428a8eb,0.007284683
0:47bdbe2490e9b828845801ee22fde206987af58bf3df3696944977eafffd120d,0.006379778
0:78bee9584c3088f36144be2dd3ae964485a1a1b247d4e110215ca939eb4e93c6,0.006325575
0:c59a18bb41aeb079f633d2915501406591b4d1f7d4f24d50f40899fdd94a2b91,0.006314808
0:f8c2691fe464ad77f5ac954d577f33688b973bcfcb240e230a7444e5ae0572d8,0.005949434
0:3f5bf06393c69462d0488f658d28be6062b66d8d7986da743286ad01837e517c,0.091570966
0:70c5f0905907b0beeb284e0b5aecf2304a5ac01c82423ac4b26afd40edd530fe,0.005239741
0:f21b8d5e37e975a769390ce9cd612ce9801e6fc7b2ffd4e90aeb583693cffc0a,0.004838162
0:4f3689a8bcea048d00c850c885fdd2837b3add6f0ec4f7b927e5d0265ef01b96,0.004815257
0:2d88f36a5bea9873b03b546bb08ababcfa0471d3889b6d787ebeebb858883aac,0.004692267
0:df6e7bf96c6db4a15d647c9151bc2fe5b53080e31450b4f8f579ffdf33c2ef00,0.004638995
0:8e17dbaa03a309b9f05867595126a72e5cbbe8c61d10f1250fb8d9753aaf0f7d,0.004611674
0:444fefe6ad69977537f0ec7796718121293a248f833c3b887ee6b659562b295c,0.004434154
0:6374643d8d4b1aef831d6e1a4fdc719909165b1b232a20ad25878ad400aeb0bb,0.004098789
0:ef8635871613be03181667d967fceda1b4a1d98e6811552d2c31adfc2cbcf9b1,0.003974567
0:04e5d56f38c9d9a34620b3ed0163daa21fa521f8833153adf981d4f9cbd2e807,0.003973338
0:3642cb10b46292a1cf31f38baf6ad521fb0f673347b345f77e2dbe13ff448f94,0.003889422
0:0e37e343c88e2d6b749d2835b55419fa8f0e7e379273e68671a2c651649087e7,0.003797682
0:b44d2e9c53d7d1c82c763c13f98353785a1000d4874d777b5d39d9356ae3f5f8,0.003502537
0:d5a94f1523892d55854297151b809ff8bdf767d8f7902b37f63a30ec342a5674,0.003309158
0:46b47c85dd6c1f10f485b3218756e207939af90b4f11b0105c478b3cf1edb4ea,0.003120325
0:ca860519edfba7cff6e59538ce0721e78c3d2790493f8754590b52f66761c77e,0.003062433
0:300b2464aa0eee3b0ad2e178a3a84c88eaf51dc6b6fc9c0b8f9570f32a55ec91,0.002873609
0:9c6d38661ed2f26bea82cc12ba7c0f1aef241902b36b2d192f1efa57b64f36b0,0.002805860
0:df70eca46ec3ece182e661877ffdacc7542b2fe81a73ad6320cd29662ebf7992,0.002766799
0:f388616143ce787ee22c322448d15f14b0d34720569793c6a58c0dff00dd1101,0.002750656
0:863fc2c67dc81ea5608b2a34c0b26d8b1096d33e667e36695c3985583a0226ee,0.002498095
0:7375c2afcc72a8c29aa40a3f56da710ce34db407daf2424dd1393d7f6e71745e,0.002058537
0:952732186e26497f6338bb7ea7f4d45e6f9706c4b8cc3188dd1212b2ece37bb8,0.002047329
0:af85047ab89f8953e7364ee256395e4892e426f5845107b6c04bca2cd018e113,0.001986874
0:fcde4d99327db207f2abc2d0e9b4a34439f7e72844f03aedebb70d8527ed3471,0.001978740
0:b849381ad2b63bdbdc7b3670e682747e87fe3cc190da4b9e99b033e9a6aba931,0.001937254
0:ba4d8acb9977c1fe5a989fe6ea79bafc1d17c93f7728d576d0b98f86a0748582,0.001875296
0:6eccf16bc87e168ebf43de7d723ced3770e0429c5723e870a5eb0d8d1d00d1f5,0.001863940
0:73df88cc86c3226c61adea73d2dc7622f2946cccdb05f4e651ded712cfe703ac,0.001792157
0:8654e907d63cbef32737fa9c87e52385602464c8479321cd4c51a5f570863349,0.001572318
0:10406ba3be97ffd766186e4addd8daec76556f41ccfccfc8b8658045a0b428a9,0.001494275
0:e165377637dedd7d4e6fb7c88b1453d0a78240018efdb288bc667ba2c45ee93c,0.001487445
0:cdb07df422b7873b4d7ece600ea17f99114027486c531a0634d0c989e5ca7d00,0.001487205
0:069314b898ea6773b3783caaba83176ef09e05a8b3c8cd706b1ad0c27d47a1ed,0.001290159
0:2ae5d5378ec56624970f3e1aad05b9490ff81a6573f51b8ee12ea6b79adfba15,0.001171402
0:4ab1b79c65459421091d3c19e74165610ce5a5eeb8246cf57deecfb9d8b738b1,0.001165014
0:57f5cca5bb41256efb8f61fe52f9bba81b3b4c4298d0c36564c694dadc3fe36b,0.001059424
0:8ab2783cabd4e4cacaac774175e4bc0cba0b4312b2287490639c5fce14993a51,0.001035409
0:3b0d7b25728cad4d5659e48085ea8481885b97c0d2752495a1b2c39125b438e1,0.000895858
0:b1b39db26d1aaa0fe1f4919a6a2d5394a95db3b2b3fe267ef4ca48904e6739f4,0.000805401
0:097c5a754f8192be3200e7608d16e8b6f17f19544d0170e6def5b0bb649fd510,0.000784684
0:40d257d2dae34070b0291d669e3f1b57359c2a337cf637591d9358be1e77de2c,0.000757497
0:7ec071750e80ae2c0d7d8e1b8d7b33b3e7c6cf256ffd09eea53e64239b7ef7af,0.000756729
0:83a124b377be1544ec0af98c335ff7be1e775988a2c992f5060843d3c0257b07,0.000743180
0:17d00a69daf37e5e705765f81546bbbdc6ac35a95683697b82e1483e287abc98,0.000714065
0:ac0d91c59d3a2e4a6b8fa4a8cf6adbd0321d75514c84443a46a917faa201f729,0.000530692
0:12c6153adddd1e8634a546b1e1639e6c7592f229cc1583fe210b9dd426774c6a,0.000521907
0:9846a904818b708df73bd8d0f342dae99fcbb2f65b52a510c2f2bd28707fbb3f,0.000486668
0:4ed22b2b800847b122dcdc79b5080d7b7989f6c42bbe0eb0154b4d57668f3a1f,0.000431871
0:f9bef903f11331f5d67bdc2d41aba2a12287b7c90204032b3055730412ddf224,0.000411054
0:38367e545886c56e06edc802d04bec75fd3a5d136e37b7444a4e48625dafdf08,0.000384072
0:d780f810b1051b0f990fdba55426c28f447f77facacd6641f7508cb562491f5a,0.000328117
0:87519818cd2a1e3d0bb15991439b868eb8c445a483d62245ce041603315ad748,0.000256766
0:b2e210da336db42f70dfd2acf77ee102bdbef2687be4e4a7a8b651098e14b2ca,0.000232394
0:b22f668e523d666cb2fcd7a6f02256f1312b88f6dc319457309eb9066bd96c84,0.000228323
0:dd30aeb6c7ff71d0953d7c3f00d3f7487405ef5f6ee0b2bfa2cb5a73f6fe690a,0.000227457
0:5b31d20ab884030671af2069d2ceb9235c4f2e785c0e7a7339ecf39177ddbaf1,0.000209294
0:3a96321c133c0d58c5b21b066fbe8a75674de07481cfc27bac3ac349dd36104e,0.000188740
0:fac51636fc46c1251ed23a9fb889e06709d7c85b18b119d5c1180dd3ea2378ca,0.000148207
0:97ec2d87fcb5ad14abb66ca351a2c1b84b72fa0d8f618ce414d3d829cbf4d4a1,0.000080662
0:543c515493bb53b029b956265827c1b68a46ac30678c620a95f958c4986b12b1,0.000045235
0:8eafe109d66b7ad4f682303fc9b6d8ff6ea498bbec7c292111bb84ea02fe9363,0.000040495
0:3b1066d11c447df07097ed9be868bab5b949e0882ee9bab2bc10d3eab42835ec,0.000022566
0:9aad6022affd6d3b826667781ab25b3d8396b418fd06c9dd368188cd48043a0e,0.000013674
0:36f02314bde1481ecc3aefe061c0e28a3eae21b647a451daee63ead5d1b93d9c,0.000011059
0:4c58ae5abdf92d7e0525f70560730a3fa03b145b02ced2bedaeed9699c19309b,0.000009569
0:f8fca40cae54f4e8eb536feb894608c8158a58d58647ac16d782c8dc60226b56,0.000002562
0:64e17d4968577712b6108cdf8e3b2f3da5482ffda3baf0d16249fa7afcdb0ea2,0.000002101
0:44e89a847ece9de18802a016f629c49e6c9117ea4dedf5f5f1b5a23203f1c934,0.000001728
0:5277a4176d742efd08e56ab96f1c57443ca3a10e3e01c4c0664c3beb565b4bd4,0.000001109
0:60ce38912547e85ec57df42b83fd69ca2b840de6695f7ab32255b93463725cdc,0.000000004
0:1d0b8442b47643c690d4b6c84b19d5b7a2798b4407cf63b1ee9f033272d934c3,0.029932178
0:ca587fa3d68466cefa6e4f3402c9ac4631d86629ce947f6ada218a85e8cd529b,0.299321781
0:1df01525d0944218a12d142817bb9a29de9d7babff8cc2610acc3377f799c021,0.272080296
0:4603f00ddb7450e75f38a16b43e87dc0b35f15a09a7b23d004684a6d6a83fc18,0.166123588
0:bcb1beb0a6e237e9a4829e9eae775cea3b53fc291c33568268efa6cab52cdb46,0.152639726
0:51c2022afd3d240295e9f840f27d4f7ab7599dd7fc26bef443ace71adf05217f,0.146667673
0:24b19de6735c15955184c9350dcce55eb29d1fd07a55501870b4992fd786cc14,0.126523317
0:f8872ded56dd8376c29ff142f4dcde998a78bef43e9fc965083f59f09d0312c5,0.067347401
0:9f3bae30eb8a6b9b20137a7934d84223de2f6e0010a73bf2eb287216ac76c993,0.059864356
0:f69a9745286279e0caf654a712ee2f0864f829fe1d454fdc541c8e003811903d,0.059265600
0:28861a9d4a9c9766e1129f7323e01ba0c98c33d5414c0036b8194282ff7abc5c,0.016897973
0:82ccc8dbf1404fbe7d87a17920d5df6b2818ce0e2d06c19c0ecaed0061eccca5,0.011481984
0:a563a4ff0f180c397896dcff3b39a5c0052b96d3f2183a93c01a793ab1956bd2,0.009443602
0:148d74fa2c4fc1b51621f7a0ad27ea7d8d10a2cac6062883b6d083fdbda29958,0.008979653
0:06517ca20a15f3fbf408909b08f2727474bdea0ab261a38c2d14a2567a5dafd5,0.008979653
0:c32718358bdb292880a7f127e3648d0796e734661c00fcbf6e5cb6814a650d47,0.008979635
0:2ff0813f3c9c59b1b75491fc869ad90bb129e362c0f081342cc9a4f6d9d05ebf,0.007483045
0:c43e945a86b909763e174f82d6fb0b8128e8c48dccf7313da0b1a9e83841446f,0.005986436
0:56374f4b26203f7b9089bdcfb8dc3761536217864179e860f095374bcc1d45a1,0.004789148
0:d3d0c7b060f499374425d8d761884f9342eeb3b39d65c8f8f2d86189b5f53eae,0.002993218
0:de8afd4d672e0bda15d22a5b4cc98fd08f249248c5500398e74c9a5361284d4b,0.002993218
0:efb5d379120423a52ad3c1ea0df0e07125a3680f7daae48c79e43a3f4b0ff482,0.002993218
0:4526320dc28259328744882129265d1259b8b5e04ebdecadd247386d61eb838b,0.002993218
0:e587589c6d97ac342770b7d65b6d69f1313964277288f057d44c186f0192f3df,0.001496609
0:576d4986b33de59fadc1f655ca6204fc8bb36303dee374d5aee9fa77be7ff2b9,0.001496609
0:b0a9d0a4db64cf4f29eefe1ec0a5fbe067ac24e2df825ffc6d4c400ed7f51ac0,0.001496609
0:ee16cf23033eb1593d19fb6dc4f9bcc18d07ac66cd5ae5bd023a0e849e57eb8d,0.001496609
0:f72ab70b94357fecaf565d449028af904de215f09f7b9aca60fab5fc7358a2b5,0.001496609
0:442ddb583a5bf025ce0baa7a807e995ff8fb62df817757da6ec1e516eaf4945b,0.001496609
0:4c90fee53d4b0bcc84ac8cefe8ed653a1431d1814997f2cb3c7326cf741ca2a1,0.001496609
0:ab51c853c5c3a718616d36fd64141ecb5aede30607a3cbf7d6e023d922a9d18a,0.001496609
0:a22bf915f32f3958bc4c2eacea02c51f975224a6601bb8e0600aa695febb8d44,0.001496609
0:9db00f5c621826a0a6e352191f611cb4ea743583c9dae87950079d13926a0f44,0.001496609
0:18a7e6b7e23185262bb3b71bb2377ff366bbfb7c24958edaeb36618b69d0e293,0.001496609